Illumicode,N,Mean GRN,Dev GRN,Mean RED,Dev RED
5607,28,2509,262,407,55
5242,31,5852,928,487,92
4307,30,386,34,3289,223
5629,25,1373,146,3433,442
3463,44,888,147,10577,1721
4238,31,4253,650,4429,695
1766,24,3399,230,567,105
5973,33,7210,1010,858,119
3746,29,3962,443,1130,243
3069,39,3217,365,5040,619
1784,29,1078,146,5411,873
4153,33,1525,233,345,52
2854,26,6037,590,2468,219
1164,29,2784,373,740,148
606,33,1609,212,1241,171
5669,31,1003,138,10376,1579
2962,29,9164,1433,588,89
3293,35,1270,135,4412,553
1046,42,483,62,3064,431
4872,40,4702,655,9754,1526
1644,32,1264,147,8317,967
2748,35,5888,905,2939,394
70,32,2872,239,1283,184
4947,37,2465,284,428,72
1311,36,6302,983,999,162
1611,17,791,39,11503,1170
649,14,820,113,3327,627
974,27,1392,195,3492,482
744,26,5379,664,869,137
5293,29,3683,345,4625,405
3865,30,5839,852,2623,475
33,26,1500,225,4838,775
3487,25,539,45,5014,472
4304,23,542,50,1752,241
1125,33,5339,712,2590,391
5653,29,1807,178,1472,183
3722,37,6221,681,1368,198
2966,29,788,86,4471,532
1138,26,413,44,539,83
4843,24,523,61,2648,303
2139,35,5863,804,1323,224
1739,32,553,56,4235,642
174,36,1929,358,1369,279
6016,31,4148,383,1011,135
5798,28,5015,688,6210,738
4150,26,2210,224,2199,235
6068,18,1075,114,6476,786
4202,18,831,84,6416,775
1228,37,989,99,8479,1234
5878,35,2269,313,2195,345
38,27,2206,262,3826,613
5322,19,6523,594,3093,384
27,32,1016,106,4309,525
5786,25,2199,290,227,39
3792,30,380,60,159,28
5800,16,2790,256,1726,245
3041,32,1326,106,11494,1317
5560,23,7415,948,2568,390
4018,24,3173,275,6674,847
3846,39,2864,330,323,56
2693,29,2355,274,1537,245
5688,23,2204,236,3867,358
4287,36,3616,352,4385,386
5962,16,534,66,2102,394
3920,35,1639,215,1275,208
4939,28,5617,838,544,126
1885,29,436,36,187,31
4148,27,707,90,3649,527
1563,29,2877,394,2373,258
5310,27,677,67,8293,1123
4133,30,3888,479,3501,446
4901,22,4510,514,6712,867
2895,20,3963,383,3480,446
4154,23,2940,318,1306,179
1227,31,5684,841,978,166
1702,27,2019,158,2891,384
230,25,911,152,1055,197
5508,24,613,45,2567,232
2939,29,6254,544,633,81
2927,37,1354,193,353,53
2330,36,1237,132,4585,573
5504,24,5133,561,2204,340
4228,27,1501,167,7533,948
5179,29,5045,692,624,82
3285,30,1560,210,11301,1731
4976,25,3329,539,2909,578
1676,34,1380,168,805,93
3318,28,5412,776,3082,480
1762,26,10541,2609,486,114
4028,38,5132,611,7990,1402
1771,37,4740,695,4666,808
1389,24,1321,134,5164,584
697,38,4202,513,1309,160
3800,32,2619,410,3288,527
1707,30,504,55,3790,508
3987,40,1765,258,8806,1254
1646,33,6237,602,1160,169
1893,27,3323,417,1830,236
2328,33,1656,222,3877,527
5546,23,1535,243,3225,490
5052,19,1433,176,5473,756
4259,30,4359,761,5580,1097
1319,20,1212,115,385,57
3103,24,1729,117,2470,250
1874,42,2830,355,3843,635
1799,35,8307,1585,4513,990
634,26,1145,134,4638,586
4073,29,3179,454,2911,558
1653,20,6695,1059,617,95
2871,34,6584,800,1240,139
737,25,278,25,128,28
2879,29,3462,470,1757,260
915,37,2535,251,3004,426
361,31,762,60,7368,711
5788,24,507,49,2295,327
3500,30,3266,338,2314,400
3730,29,4049,616,420,80
1826,20,2316,280,468,98
4149,31,1432,153,9172,1155
1655,29,3438,502,428,73
1051,24,7957,800,628,113
125,30,1855,241,7256,1025
5537,24,2548,276,1974,198
5074,30,1538,201,283,57
3934,29,1354,201,7045,1045
1617,29,689,60,5616,712
5877,35,2291,322,4068,548
4823,31,2702,324,3933,619
6020,32,297,36,259,36
5127,24,761,91,5052,699
4334,27,1849,212,7897,934
1757,26,3468,345,4899,584
4261,25,4731,782,2620,414
2354,28,2417,348,2081,339
3283,36,3692,562,2715,449
1959,18,848,131,2151,383
2741,28,1517,142,2184,173
178,37,4230,611,3342,469
3363,28,2498,336,602,91
1647,25,487,57,6155,752
3677,30,1367,153,783,112
1808,30,1230,145,1709,353
2597,24,291,35,143,28
1002,30,5533,787,621,96
2373,32,6056,958,759,117
718,29,2587,297,684,118
3752,24,5660,808,671,156
1679,27,3245,574,19877,3899
1640,38,707,67,6397,776
931,24,399,39,507,64
1671,23,3016,433,5022,564
3305,19,2216,225,2615,332
437,33,3917,582,5880,1196
4158,30,2109,285,6420,849
1321,25,4980,744,902,153
2485,26,2770,275,1287,164
5097,25,795,84,546,78
2162,37,2705,364,2330,383
4077,24,2370,250,8538,937
2022,29,1342,175,2489,432
1984,34,1298,143,4946,514
884,37,8413,1038,1741,252
1040,35,529,68,1983,440
154,39,854,97,5366,733
1645,29,3212,483,665,137
960,28,782,78,8141,1095
973,35,2114,336,415,79
2692,27,4578,553,900,177
942,36,675,71,8751,906
1869,28,991,84,5701,701
74,32,2638,295,2512,318
662,27,342,33,188,37
5660,24,2951,389,4619,658
5750,20,1056,124,919,149
6137,34,1074,137,4925,630
3398,33,2171,259,2029,340
2941,32,2452,219,516,77
2261,35,4277,505,3442,508
5599,27,3544,440,3075,447
3381,82,825,356,715,387
1225,32,454,47,2307,286
4000,37,2576,307,4615,592
2798,30,513,70,2856,444
1693,26,5862,607,347,57
109,41,1790,238,2443,326
5214,20,514,50,5004,1036
5591,32,4699,513,482,67
4207,39,618,91,4064,740
5806,30,1852,252,383,70
2915,35,495,44,2562,330
3092,38,2042,270,5226,729
2136,18,1475,240,2750,446
5655,20,4611,578,3555,377
30,33,5278,785,1038,164
4985,63,2595,1150,2324,1111
5159,23,1697,222,290,39
5297,30,1093,82,247,38
5236,22,5048,593,5197,820
4239,24,1855,209,1114,162
5933,40,5918,790,5219,807
3399,29,2901,337,4834,637
5170,24,1679,240,4370,627
5067,31,6842,1066,761,143
3520,31,1334,177,935,131
1743,25,516,61,2925,470
5177,29,2728,335,3952,611
3002,28,1460,174,1368,219
6034,26,1399,169,6635,658
3780,25,620,55,3536,439
5021,30,2371,241,8829,1226
1967,15,2692,513,4303,866
3826,27,3576,307,3806,505
2728,31,3330,417,1744,229
6070,30,7878,1003,602,90
4276,22,5185,460,516,93
4870,27,1140,151,9904,1365
1651,27,577,53,2299,256
3740,28,5307,945,5242,871
1320,27,2062,258,748,120
2834,34,2463,296,431,80
944,23,1362,144,11718,1493
5917,25,292,29,131,33
3370,27,2679,311,3874,539
4931,32,2370,216,1824,230
2420,25,1965,240,1529,226
5475,21,9143,1433,630,104
3860,34,2402,216,3467,349
5888,29,4988,374,1011,125
3132,31,786,81,8370,1163
4118,19,1290,105,1604,207
1842,33,15703,3158,909,151
3523,31,4725,669,5318,808
1600,39,4962,751,4062,646
2932,21,3135,341,2434,216
1335,26,687,69,4411,411
2401,33,1538,213,1414,241
4950,26,3452,283,2060,275
3633,31,7780,804,1834,224
1850,26,5636,661,1366,336
1994,24,11090,1759,542,119
977,20,1059,154,8327,1272
2717,25,2148,285,278,56
542,35,2854,429,246,37
5384,26,7129,838,1226,161
5880,20,5953,494,5591,737
4010,24,580,66,5195,557
3031,30,627,67,2470,357
3380,63,3012,1845,482,242
2168,30,1374,203,828,137
5885,28,1392,161,6384,758
5700,17,1837,246,2590,514
4075,31,665,70,5626,730
6126,32,890,91,3700,410
5184,19,1586,144,2222,303
6110,40,3002,446,390,75
2985,38,366,42,198,46
5381,30,910,108,10973,1364
4107,29,7199,1209,871,130
5572,36,1116,138,8988,1342
2960,34,7186,802,633,83
4850,32,381,38,1357,195
2363,24,2220,245,5433,760
5988,28,8803,1447,1038,205
3963,24,1301,170,6747,1022
5769,12,487,30,2303,363
4049,32,1086,162,4097,800
3191,30,547,46,4005,559
1968,35,419,68,206,49
3893,28,469,46,3111,420
1884,36,4246,438,3259,491
5180,30,5058,675,5267,693
5884,34,3366,415,325,63
3324,29,4740,621,675,111
6123,33,5245,559,1176,146
5879,23,13520,2501,1213,221
6140,23,2527,303,6278,757
3072,23,3685,435,5106,586
5955,25,299,28,149,32
3051,24,2400,273,770,102
3962,35,8060,898,382,67
5378,21,1308,109,4383,360
5708,25,2064,314,2742,502
6080,26,7618,908,761,121
3433,19,376,57,199,43
5672,29,776,94,7462,1040
3091,33,672,88,2717,348
5534,26,418,35,1195,169
3150,33,5465,819,761,105
5633,19,3367,376,3130,401
4173,19,1506,196,604,103
4046,22,4234,473,2146,287
1344,28,1166,143,7930,927
3913,32,3567,432,3607,464
5321,28,285,29,145,31
5091,31,598,51,5477,804
3842,25,2677,364,1697,247
2403,28,3453,321,456,63
4161,33,285,34,141,32
2187,36,3733,464,3249,378
5567,29,3905,414,5014,564
3171,33,2920,474,3566,523
5670,24,3150,335,4326,554
3141,31,3133,518,1477,299
5476,30,4673,554,600,88
4067,27,9401,1887,762,152
2202,27,3885,479,4824,510
3694,36,2879,368,399,65
3280,29,547,58,3607,442
1899,44,1280,110,7265,857
5550,25,815,80,7590,906
4215,36,2688,599,215,40
3582,26,800,128,3525,661
2434,37,469,51,2420,387
5129,18,3416,265,3374,292
1590,27,10968,1534,410,60
2161,30,1413,164,419,64
5858,35,1145,148,11754,1761
3927,28,4271,492,559,83
4185,22,2837,315,2137,260
2461,28,2180,212,8927,1116
5366,27,2160,250,1700,198
4186,29,2866,318,9872,1574
5237,20,1230,144,4955,615
3709,34,456,59,254,37
3778,34,426,42,2107,326
1334,40,3680,506,478,74
4824,29,569,77,13204,2492
2442,31,1085,122,6246,951
3574,28,1046,94,3238,372
2114,24,2062,260,1979,315
2044,34,3338,395,853,111
989,38,909,130,7309,1186
3592,36,1757,228,2114,257
1251,26,503,66,364,72
3183,30,2991,275,3415,268
2356,31,750,85,5554,719
1795,29,3759,446,4750,760
732,30,4287,571,2429,367
1102,41,1388,177,2684,327
3055,35,1594,198,1129,184
5518,25,1853,198,4085,402
3534,31,2542,297,2326,306
4099,22,5058,565,666,91
2848,34,280,33,127,32
5874,34,1194,93,9370,894
3606,29,2559,355,6085,946
5915,33,715,82,5597,753
3450,62,856,377,536,229
4036,21,1710,138,1958,192
1689,39,5020,537,389,65
3697,30,602,62,4762,700
1861,26,5199,641,661,118
5157,24,1294,113,5024,517
4909,20,7018,745,394,67
6104,38,8912,1247,832,143
4008,31,1858,254,1574,229
3253,30,4026,510,3583,571
4205,23,665,75,6788,641
1828,36,1299,160,2718,383
2179,33,606,74,1084,157
3868,39,4958,827,365,60
1111,31,2066,453,7689,1675
4201,30,3506,524,312,56
1324,42,945,117,6148,772
1883,38,1624,238,1870,289
978,32,1098,104,5154,556
5070,28,2242,278,4160,507
1955,25,996,148,6668,1342
3155,32,1302,121,5662,673
1047,40,2436,314,2766,461
1844,21,1937,195,1714,204
753,34,4577,682,5599,721
2733,39,1589,177,1435,195
266,27,304,30,123,23
4190,26,4601,709,1405,307
2174,31,5156,674,350,53
4160,27,778,100,3753,612
2776,26,1981,318,3452,630
5073,36,4333,468,2053,287
2236,37,5767,787,8508,1087
2402,27,522,59,1278,236
805,24,2300,238,2243,261
1432,33,4180,553,997,161
656,22,2071,444,1343,341
2062,25,4192,513,550,65
5801,22,6514,776,3449,396
4005,30,3455,460,608,91
3028,36,3785,397,2908,377
1093,39,756,83,3018,424
3518,31,2149,249,1403,180
1219,27,3640,531,3563,499
2857,36,1679,253,470,79
715,23,9424,1445,1079,195
2991,37,763,85,2568,407
1256,37,2602,328,3743,582
1870,26,839,121,6472,1055
724,30,1275,163,1818,263
2081,24,540,68,3050,475
858,22,387,48,191,33
1022,37,4791,509,3379,427
5333,26,4371,406,1051,161
3857,40,2305,357,316,59
4989,49,3769,1056,2667,878
1482,30,1584,166,5243,860
4874,32,5403,643,658,106
2536,34,2206,328,4796,764
233,23,5977,760,630,133
5565,23,1189,156,2773,426
3245,35,1970,278,9619,1524
3468,29,8500,992,619,134
1112,26,312,38,9986,981
5389,24,1470,182,6541,874
3624,24,1112,136,9644,1034
5925,27,1540,127,3418,487
3810,35,1400,189,2341,319
4177,28,4079,598,930,127
1749,23,556,58,4592,628
3894,28,1683,216,8443,1042
1407,39,3907,319,1129,114
3922,25,4471,598,1826,278
2163,27,2172,248,1582,214
1787,36,1796,187,1515,196
223,35,6835,934,7045,911
4037,25,686,60,747,106
1935,38,612,66,4829,833
4026,37,2938,346,2409,358
2097,25,4381,466,1504,220
1740,29,1203,144,5899,805
50,25,2566,299,1727,194
2230,30,1470,165,4470,662
279,17,937,157,7163,1178
3588,44,821,83,4566,487
2209,18,2197,187,3708,612
2555,33,6044,763,581,88
891,24,9341,1609,1173,129
2065,30,1161,173,1671,351
813,36,894,101,5852,712
3239,37,3913,537,1395,247
1330,24,1024,143,314,56
1549,37,4671,614,7063,1056
1024,26,7349,693,8211,770
4934,30,2672,315,1707,198
2501,28,7433,1594,481,93
4115,30,2766,226,461,93
2043,26,1283,134,1418,170
2840,41,4107,734,3376,651
80,35,1991,195,566,76
2430,31,1092,134,8470,1254
898,36,452,55,828,144
2612,28,4119,610,430,67
678,25,1017,136,8045,1029
799,30,4146,577,4668,569
1990,27,5593,843,438,80
910,25,376,62,194,44
2167,34,4266,504,564,116
636,18,1693,157,1876,126
651,27,13157,2391,1384,211
403,25,5205,881,420,55
6078,30,3946,314,420,82
4248,25,2382,270,4005,504
4060,28,1133,174,1214,214
2906,30,795,92,3326,428
2943,39,574,72,1299,170
2109,31,2805,320,4908,617
2867,27,5149,770,667,96
2911,34,10759,1818,506,65
5145,34,723,72,5657,848
4176,24,2014,198,1918,212
4033,32,1292,138,4388,673
2838,23,4497,519,4157,672
5906,27,6421,755,7917,699
3909,27,784,72,2205,298
3022,25,825,88,3368,524
2215,36,17466,2816,1163,207
4885,31,1407,218,2134,368
1085,28,9671,1296,1146,175
3981,44,1280,142,8239,1024
2827,29,963,88,6472,719
2011,20,395,49,970,178
509,28,1212,195,1973,269
3050,21,424,51,1171,220
2051,31,663,85,3433,575
4066,18,3694,357,6621,747
2811,31,942,101,1589,194
1974,31,3593,655,1467,334
79,27,1414,249,173,27
1042,32,4060,512,4253,604
3237,32,2685,452,1302,206
5329,32,966,90,1806,213
5050,29,1054,95,7918,698
3099,14,4369,469,4912,317
2804,32,4640,829,593,97
6004,34,6164,837,1178,182
3039,25,5655,836,3185,554
31,31,921,97,2715,382
4092,19,958,143,6350,648
4999,23,1989,283,454,76
2038,27,7512,1037,536,88
5078,35,547,70,3987,587
1039,26,810,128,10674,1654
5894,20,844,81,10426,1267
3348,30,7548,799,6043,1047
6107,17,4233,632,2877,498
4044,38,3845,477,5674,867
5716,25,5160,579,569,87
4071,30,3314,436,2059,293
4041,25,534,62,2643,245
1558,30,928,124,5138,880
4325,19,2879,421,5602,811
2110,24,5281,460,897,104
3979,18,3023,301,3629,462
2822,29,2685,316,715,123
3279,29,3679,434,1001,150
2394,34,722,92,3769,618
1098,23,6467,736,608,170
3526,39,7776,1191,545,92
2256,33,624,73,2175,285
1983,31,5523,721,3425,450
2705,24,1883,373,6642,1410
820,25,838,109,4792,674
1697,25,7031,1574,513,114
56,23,3989,567,2122,345
4064,29,745,70,8523,997
2632,29,3907,373,3007,387
3014,37,1447,181,9894,1200
2129,23,2472,305,3317,412
5035,34,2126,192,1549,192
1240,22,567,70,3703,609
1878,32,8466,1746,597,112
285,24,491,81,463,66
1841,27,1126,157,2544,466
3027,38,7082,1273,508,94
2158,36,2458,342,2449,352
946,26,6845,899,3596,540
2989,31,3028,343,525,76
1825,26,9066,1339,676,89
1326,27,2418,291,4192,674
620,36,4046,481,3791,610
2037,34,1251,166,5816,860
607,30,2578,252,2041,273
377,26,1329,148,3324,338
4132,23,554,61,2625,289
1661,33,2344,285,2193,338
1392,29,536,46,3673,486
926,29,1368,191,1864,310
3207,30,666,77,3023,379
1629,33,4566,488,1430,220
3397,35,480,59,214,29
1886,23,3263,254,2026,302
1182,27,2507,264,2024,211
764,29,1749,213,1026,168
1063,25,1356,113,6514,855
54,23,2860,348,401,60
2753,30,1827,249,4135,613
137,24,288,34,155,40
87,28,5652,834,308,48
2431,37,854,136,1307,198
482,27,4992,577,3719,471
1309,21,499,50,2374,413
460,33,3520,379,1692,177
720,29,2307,221,1309,143
4042,32,5302,735,528,98
1944,27,6805,821,765,112
1902,23,288,35,124,28
265,28,12073,2434,625,137
4200,29,5409,650,6400,882
3541,32,2341,264,2257,422
2271,33,396,54,1667,256
2791,30,2664,318,4902,669
1072,23,790,78,4448,919
861,24,8829,1520,1876,362
1946,36,6630,730,973,129
152,30,5192,918,3973,650
3340,26,2544,249,10425,1471
1276,25,736,83,2514,210
4222,24,3278,385,1080,122
1079,37,952,108,1666,229
3968,26,6330,738,5942,953
2304,26,1094,98,1131,113
1015,27,6912,1192,434,81
1277,27,876,118,6537,752
594,35,2727,319,4314,499
2788,38,3721,497,705,121
401,31,2345,308,7082,962
1824,39,4819,722,619,77
890,29,1346,158,1025,144
147,25,1371,287,380,86
1573,33,276,38,124,31
153,27,1003,136,201,33
1804,32,2623,343,1548,205
756,26,4688,400,465,87
751,28,1778,218,2264,307
2952,23,1742,202,427,54
2436,27,6486,484,816,122
814,28,8335,1248,2403,410
2324,24,432,65,4159,977
1086,30,8939,1268,534,70
102,31,1525,218,1171,210
963,34,4538,529,1160,174
3060,36,1906,216,4509,541
658,28,3399,457,2169,357
5260,20,801,88,4018,594
5413,34,2080,254,251,36
5003,30,2673,250,987,125
6103,24,3732,234,3152,328
5114,24,966,119,1591,256
3392,26,5759,737,609,91
1365,30,336,44,150,33
5846,30,5930,742,456,87
3303,28,823,104,9884,1434
3887,27,2848,386,264,53
2182,31,1328,150,3840,681
5117,26,7943,1005,1802,284
2122,22,3130,349,1133,149
2813,33,1104,150,5849,790
654,31,7689,838,892,109
5744,28,4017,460,606,70
5361,34,557,74,4867,667
3858,35,5803,647,1099,180
5500,25,8367,1277,746,116
4145,27,3665,326,694,86
5013,28,7003,1146,595,91
2409,32,984,122,1198,175
5229,31,3108,399,468,89
5686,28,4424,639,3517,550
4214,21,2642,411,2149,310
5615,17,773,72,6075,1033
5968,29,4561,533,1176,141
5290,46,2011,506,4310,1375
3885,34,338,42,154,33
5282,23,284,21,136,29
3988,24,1837,241,1280,170
5243,19,863,104,4021,522
3947,26,1061,97,4511,454
5009,31,3251,272,2562,235
1449,17,726,145,258,32
5517,34,2945,312,4235,675
3833,33,3287,446,2593,395
5698,36,1196,144,5398,509
5060,29,3149,403,4841,723
4101,23,4648,537,403,58
2350,29,4997,756,493,64
3845,37,380,54,260,55
2424,28,505,80,3247,526
6060,30,3764,498,5534,616
3630,33,2763,387,3537,573
3896,35,4766,642,1242,188
1628,30,1228,162,6340,623
4247,30,5164,459,756,74
2896,34,1844,265,1627,259
2416,30,4337,577,3101,354
368,15,5146,537,683,96
5576,32,2553,312,2721,346
4982,33,1397,208,226,53
3145,22,5280,585,4054,323
2003,25,4444,561,951,105
5132,25,2130,304,266,50
3515,22,9755,901,830,130
5926,23,4639,755,8132,1176
3489,33,2495,289,1939,336
4974,27,4265,604,2851,432
1178,34,3385,281,3959,463
2369,31,3013,395,579,90
4270,18,983,137,10816,1534
2425,36,1217,177,873,161
1578,28,285,26,136,25
815,21,2789,268,2713,259
3096,43,3010,472,6399,738
2902,42,7760,1431,643,125
3153,22,2847,291,4393,542
1577,30,1526,200,7651,1008
1866,22,282,26,127,24
609,28,4429,446,370,50
2094,35,521,60,2351,280
592,25,284,41,149,21
6124,27,471,61,2752,524
6015,31,1419,193,248,41
4848,38,475,54,2016,285
5799,29,1019,115,5264,855
2983,33,4376,519,2020,364
3536,23,3903,363,2668,333
2885,30,4891,666,4446,614
5300,18,10322,1359,8949,1203
5160,32,569,61,1032,172
3346,28,4616,541,800,124
5736,25,932,113,9125,1317
5739,28,522,62,3234,497
5966,27,757,109,8303,1356
4090,28,751,68,6175,847
5449,29,1582,185,3210,399
3711,29,2862,265,4010,465
5133,25,2494,313,1866,200
3478,35,3149,372,1787,235
3157,36,10237,1350,1418,238
1980,32,2131,307,244,57
5639,29,1654,164,3951,365
3737,32,2403,298,2938,319
5985,25,322,43,318,64
3706,28,6757,1042,941,142
3111,23,3413,317,5287,612
4301,22,4219,535,407,61
2802,32,1297,151,5085,732
5817,21,5332,761,4827,532
5583,37,3860,513,3246,492
3924,37,2163,268,3003,485
5759,22,5024,518,4290,579
5357,23,3488,405,470,56
6035,21,354,34,172,39
4020,36,5290,648,780,114
5725,27,1089,115,8847,1002
3440,35,2767,330,3213,400
5664,27,4187,593,1641,234
5158,22,282,28,149,29
5252,21,6776,1008,592,87
5710,24,3103,375,2075,301
4223,27,3277,437,2898,405
6115,18,2449,412,9964,1446
3101,27,4637,638,2515,342
5375,20,1766,174,3308,337
5082,32,571,68,3602,565
5573,23,5783,971,521,79
4279,26,2470,243,2356,289
2739,30,901,81,4081,472
5754,29,2575,316,4518,728
4312,25,3653,421,3734,346
5328,34,2419,294,1235,161
4151,28,2756,361,2849,471
4957,27,641,70,8924,995
1685,35,11157,1874,994,146
2892,34,483,45,1724,335
10,24,9646,1794,622,85
3008,31,282,28,141,33
6117,30,6526,846,1586,263
4091,31,6386,770,2792,487
5715,26,1250,156,8451,1129
3958,30,1306,155,282,56
3970,26,3641,419,3993,495
2801,28,1831,196,598,163
4300,28,3041,346,459,68
2768,34,2823,395,2525,374
3562,32,4029,407,1276,184
1913,22,6289,894,3218,496
5371,36,3103,327,2961,329
4880,36,1590,154,5324,644
3741,32,1106,133,7828,1074
2413,23,1431,167,1430,243
5047,14,2866,262,1026,149
1989,23,3439,657,3634,543
2439,36,3192,403,296,47
256,29,6619,1132,5270,978
5683,29,3091,462,2482,328
3986,23,2794,330,792,114
4991,16,6503,891,466,57
2127,27,1684,130,5273,432
6041,26,4041,577,768,134
3156,27,917,87,6694,838
5394,26,955,75,3718,361
4216,28,1787,175,1742,199
1696,29,719,174,408,132
4197,28,4550,497,1512,225
1080,40,2052,216,321,48
3734,26,646,57,3642,362
2828,30,876,107,1622,229
2277,35,1085,100,3414,365
130,23,4979,575,918,139
3906,25,1983,297,1412,194
1658,35,731,93,6549,1286
3712,26,3474,500,398,47
2432,31,1146,107,2335,275
2370,32,8145,1344,3757,550
2164,33,917,109,1738,236
701,31,399,54,299,72
5246,22,4463,540,377,61
5093,46,5969,890,833,146
2418,25,3137,379,4574,642
2016,30,7112,1381,4639,960
5724,22,1831,203,2501,366
3783,41,571,57,2418,373
5581,28,830,105,12931,1687
3805,23,2459,249,3391,401
4292,26,1239,179,12027,1469
1586,43,5676,922,617,89
3923,29,1791,269,1119,176
1610,27,7065,1657,468,107
5961,22,5073,736,9118,1455
4180,22,675,81,3129,391
5643,29,411,57,1797,294
4250,33,2845,434,2798,483
5734,31,1118,124,10005,1269
5104,14,2706,468,2724,566
3511,25,284,25,133,29
864,30,2499,412,6299,1146
3789,29,7271,1310,5217,993
1041,21,1015,124,4734,486
4072,28,2286,180,3368,343
1203,30,1887,266,8158,1380
4162,37,6091,615,426,65
2327,37,4098,419,406,65
2406,22,525,71,7439,990
925,31,1623,205,1977,294
4208,20,2881,525,3293,694
2331,30,853,77,4778,712
3465,23,725,101,5725,934
2216,35,1571,178,3973,611
2039,32,7592,1462,453,82
515,36,756,94,3670,713
2099,39,6841,735,521,95
315,30,1601,173,2268,342
3314,26,1270,150,7952,1107
1553,30,633,78,4215,629
4217,25,2195,238,8154,1073
2893,25,2901,365,3792,528
4004,29,773,71,4638,708
1384,29,6515,884,1293,173
1272,41,4129,473,3626,461
778,34,557,81,322,62
2326,37,1048,213,11089,2676
66,24,1192,119,5868,836
2661,31,4177,602,409,79
1011,25,8190,1079,807,115
44,22,8428,1313,246,67
5154,18,312,32,166,30
3919,30,2980,309,2747,394
5250,35,3415,325,397,69
3704,37,504,55,3986,540
3937,25,913,101,6546,981
1790,24,1877,194,5459,465
3,25,5354,554,586,121
5221,28,1339,185,7667,1323
2964,22,4036,515,541,102
5588,33,965,121,1335,187
5958,22,3541,413,5073,603
5981,38,682,81,10553,1363
4022,29,2018,272,5470,926
5452,32,6057,553,4950,728
3977,26,3371,583,294,45
6099,17,6175,908,1380,212
3083,35,2995,390,5131,789
2990,36,3360,411,2989,402
1333,35,1732,183,7654,1088
5723,29,299,33,312,86
4111,26,3706,358,5595,698
5365,28,807,92,7113,978
3063,35,1068,140,4945,626
3089,16,4989,941,3445,615
2149,26,3725,458,3990,362
3972,21,11298,1365,646,84
1564,27,1172,148,749,101
5276,64,3043,1410,530,207
5834,33,8150,1262,1012,163
5241,24,6281,813,618,88
5910,22,6115,724,6805,905
5618,32,3393,382,3644,393
4255,25,744,68,8440,717
5548,24,3307,570,354,67
3498,30,631,75,3540,572
5244,27,1034,94,3858,651
5903,28,370,39,3130,465
6139,25,274,35,144,34
4952,32,4425,451,5637,527
5348,31,2794,301,4910,586
4198,35,10738,1775,1288,238
5960,27,720,90,2793,393
2954,36,10105,1753,761,146
5650,23,3129,301,2332,281
3888,32,485,58,1200,181
4038,24,4436,731,579,97
2232,31,3019,381,4071,567
5600,22,1521,129,1825,173
5025,23,2394,258,3798,365
6012,23,1350,127,3007,309
3295,35,3643,464,3988,625
4317,28,707,74,2538,272
1104,29,1911,158,1944,204
3985,25,1844,155,8085,921
2903,29,1890,232,574,60
5893,30,5614,619,3667,517
3105,26,3315,391,2126,290
6030,16,2846,316,313,60
3115,28,2169,244,7419,749
5444,28,1256,237,7471,1565
3049,27,5413,801,4646,597
4104,29,4370,670,680,121
1173,30,1554,186,218,44
3503,30,7664,909,3927,443
1595,30,1806,355,1057,248
5764,24,2872,322,2512,329
28,29,924,154,505,118
4283,29,542,57,2070,266
5854,33,3004,444,2814,434
6002,25,780,110,219,44
5291,25,3329,445,8871,1049
3354,23,5406,773,5843,802
5397,20,4225,448,5560,426
3393,28,4504,474,3119,414
5842,25,490,49,4547,601
5257,27,2455,305,3709,363
5935,29,3723,358,5161,701
5941,15,1447,133,1169,143
3001,22,5180,624,2910,446
5330,27,778,102,182,45
3495,34,4790,700,529,156
5982,27,3250,316,4992,671
4134,32,4156,572,514,74
6007,37,1818,228,1702,298
5140,30,4097,720,406,81
41,31,1842,192,2318,281
5632,22,878,117,6846,1327
5678,32,1631,268,641,116
3533,31,5433,543,583,81
5823,24,4308,448,440,69
4229,39,744,75,4823,556
5959,32,3206,350,4954,783
4219,23,497,59,6109,973
6059,20,3241,329,445,75
3871,29,1061,116,6712,922
1066,33,2621,213,497,82
5251,27,1106,146,2401,427
4156,30,1224,189,5545,674
4990,33,1405,152,1069,126
1753,26,1523,101,8506,889
5163,31,3123,440,1690,334
3377,25,2050,229,3857,596
5211,25,794,102,343,76
4290,32,2525,264,763,78
3930,32,6683,556,604,84
1390,34,6549,839,486,78
3933,34,1609,215,1288,227
2807,34,1080,137,2429,348
5524,32,4462,376,3264,318
3137,26,340,37,195,52
40,29,1088,144,4145,733
4057,26,801,82,5838,657
5468,23,1364,102,4930,754
3686,27,4826,878,453,102
5054,27,4499,427,291,49
1077,33,400,41,989,187
4016,22,2607,323,1631,283
2843,34,1061,148,3551,608
2934,35,3645,574,5856,1075
1969,33,878,131,5127,853
5510,27,3760,492,3170,344
4123,25,771,70,3668,518
5383,20,601,65,2555,338
3420,46,2962,376,3255,457
5898,25,7150,1053,532,59
4896,28,544,68,2031,318
4009,29,3957,508,635,113
1286,36,1257,144,676,87
5095,29,7382,1083,910,138
1938,31,612,55,2048,286
4106,26,3219,549,391,55
1038,40,504,55,3545,545
4165,31,1099,96,3990,412
1601,22,6889,847,4238,567
5511,24,710,95,2732,441
3619,27,3176,403,238,51
3338,23,4683,487,6950,892
2305,29,6877,961,4009,614
4157,21,3589,349,289,35
2254,19,846,117,1815,285
1599,27,1625,177,5285,470
740,32,2121,199,519,64
6038,33,647,73,1448,156
2916,32,5234,660,5226,696
1756,31,5491,1141,944,193
5816,27,4062,414,607,80
3929,36,958,109,10380,1342
2999,28,4802,588,644,99
3726,28,1041,147,1198,200
2205,32,1222,158,1517,263
4017,28,1233,109,1666,191
2755,29,2213,238,331,32
3222,30,755,115,1592,336
2144,32,1341,234,12893,2630
2252,32,1375,130,3185,327
261,28,2731,308,4090,551
3877,35,850,117,11119,1750
4206,35,3614,359,3332,418
1742,29,6854,1030,444,91
215,21,2633,214,3510,424
717,32,1667,237,459,75
1317,31,2936,368,1240,147
631,32,2759,334,1336,227
5379,24,7392,1548,424,81
3539,36,1840,279,2503,405
4876,26,1130,135,8555,1103
1864,26,331,38,164,33
5815,32,6736,712,1898,265
3158,37,4057,484,3170,433
5208,32,17724,2770,395,73
2976,29,5032,625,456,68
3632,34,2639,320,3200,484
4167,23,2993,345,1295,205
1170,29,771,71,3513,397
5784,23,5623,579,5113,614
4260,30,5013,635,3849,582
5240,26,289,31,148,25
2913,29,469,40,2231,340
6136,21,6531,934,772,111
3840,24,3752,401,1657,205
4230,25,8049,1338,1470,337
2760,32,567,59,7209,905
3676,33,950,96,1322,182
1604,31,5331,626,4147,576
1862,24,5802,792,413,49
3892,38,399,62,193,45
1382,38,2499,320,981,136
1711,22,1137,95,3899,449
721,30,800,106,3139,355
3936,29,2862,305,2122,275
2907,20,3099,370,3859,620
3879,30,6143,778,6130,1008
1306,27,286,30,139,23
2803,30,6284,1721,1523,442
984,38,4809,882,3263,622
1823,26,1684,191,1892,211
940,27,2672,265,1483,153
3019,32,640,98,2078,391
2890,36,4188,517,2993,471
4254,17,399,34,189,46
1341,19,2596,317,528,85
5088,33,817,62,6849,1040
2152,31,12458,2318,528,94
2204,31,2906,431,4127,701
430,39,3919,376,4484,515
526,27,337,52,142,29
427,20,659,62,5100,527
2087,26,3902,692,3824,647
933,26,2583,251,2211,251
4900,18,3394,285,4477,658
3144,30,3715,534,3357,643
5741,27,1673,211,217,41
2951,21,9826,882,724,101
6052,26,275,32,133,32
3482,33,844,116,5444,836
3007,33,4803,688,4184,634
2100,24,3818,451,712,72
3856,22,1361,144,5051,687
5268,23,2911,623,282,58
3648,27,1090,137,3306,523
5930,25,1866,234,5966,557
4863,24,4991,674,921,83
5679,31,3138,365,3574,386
3461,24,1375,129,1080,156
4069,25,6662,665,1353,206
2706,28,709,92,447,88
4951,23,3188,305,1003,175
1856,31,1169,176,3445,615
4851,29,897,163,4301,646
2680,38,7949,1304,759,112
1776,35,609,64,6079,770
6085,24,303,31,204,41
3965,31,1000,99,6845,907
5899,27,3396,443,447,83
3990,35,1214,153,4471,719
5851,36,996,104,4486,609
4019,31,1342,131,343,57
5169,26,979,137,635,111
2049,27,2054,238,1165,129
4068,30,4262,572,4648,558
4188,27,6836,826,636,99
2225,23,682,80,6930,949
4268,19,5904,635,3915,452
1087,31,1241,136,3205,446
4137,25,659,79,946,142
1190,27,386,42,1205,210
2995,27,4682,1173,10120,2678
2856,25,1391,150,2828,364
3038,27,5703,872,7736,1135
1312,26,8968,894,1265,193
913,38,324,28,175,40
3075,33,3117,371,3755,389
2143,22,1938,257,1252,152
4102,33,4956,681,544,56
2421,28,9239,1246,470,82
2818,29,3788,378,650,136
691,28,3271,296,336,41
1632,22,457,65,10582,1048
897,31,14677,2116,647,131
3045,35,5395,1032,6348,1116
1250,22,810,83,4582,521
3569,26,908,78,6522,693
1680,32,843,98,3829,511
3299,34,5776,653,959,167
2265,26,6862,943,2774,372
2019,28,3034,325,2190,278
1888,33,13349,3058,624,119
917,37,4195,432,393,67
2810,30,2101,273,283,44
162,31,3953,590,2427,329
1714,31,1735,205,6349,843
3931,35,1763,156,1647,220
1109,21,1628,178,4409,534
3479,33,1713,201,6719,898
1307,29,2785,257,1733,241
3814,37,5919,700,380,55
1191,23,1272,108,1270,142
1299,25,2013,297,2524,436
209,29,918,100,7211,715
1876,25,699,80,4986,840
614,31,1978,219,271,47
1623,30,5727,644,1938,268
2994,37,1054,120,6403,758
1786,37,9278,1133,582,96
905,23,5512,485,3952,508
3330,23,5282,680,2696,389
3315,29,4403,571,7723,1176
1060,35,1275,183,346,65
21,31,11099,2432,855,172
3908,27,7011,1497,4682,919
2534,32,450,47,3838,655
1682,29,681,97,2546,576
585,29,2736,388,416,73
5076,28,3955,498,445,49
2153,31,338,36,200,38
2458,30,6002,915,883,147
1003,27,5369,1568,15435,2698
1688,31,4118,455,6010,674
987,24,3517,544,3577,637
105,34,1753,359,367,75
5188,23,667,63,331,62
3995,22,601,70,2864,365
4166,28,1471,131,4715,608
1581,29,1205,130,1123,143
4227,24,1033,136,2591,333
1678,27,4650,382,1250,134
1377,32,1552,198,258,41
742,33,2562,306,2100,298
6021,32,312,35,141,33
4965,26,1044,86,10238,1145
3510,33,2496,321,2357,350
1088,30,2093,256,1760,218
6130,16,751,82,7492,786
4251,20,795,75,601,96
5853,26,1796,221,921,140
3375,26,3446,600,6162,1097
3878,26,520,54,3051,343
2155,34,2359,214,2717,322
4211,28,935,94,5460,593
2868,35,6374,965,1085,176
4116,24,1387,176,4489,676
2708,18,8078,1258,2661,353
2308,37,827,103,2161,377
731,30,396,51,1345,265
3718,35,5847,908,937,144
2797,30,2725,518,1497,368
2185,26,2576,259,1105,132
2322,34,3199,426,4664,685
103,32,2845,370,2264,385
1543,18,2881,241,5297,517
754,31,5408,486,3030,250
3881,29,750,87,3832,529
1340,31,11029,1251,885,162
2352,34,11712,1901,835,161
312,32,890,131,2952,566
2259,28,1389,209,15226,2445
331,29,7154,863,501,77
83,43,1455,210,3336,645
3725,29,6228,627,5427,593
2291,38,2019,211,2244,216
2901,20,600,113,2490,612
885,22,5649,709,780,104
5061,23,705,92,4332,725
2390,26,1035,144,3563,497
4262,25,1923,147,4854,433
1105,33,9903,2192,1175,274
2450,32,1960,229,7719,875
752,28,2001,165,1171,141
2347,29,945,104,3113,395
657,26,1556,188,4864,628
2298,24,738,52,1527,191
296,44,778,107,1295,264
96,23,398,39,187,45
67,21,2074,304,322,87
62,37,2742,370,3226,427
247,23,760,85,10569,1429
5943,32,586,84,25832,5562
4881,29,1149,127,269,54
4225,31,575,60,4038,643
1759,37,3130,394,1690,199
4144,29,1230,129,2801,213
1692,36,303,28,136,38
1775,34,4313,550,4047,535
895,25,7769,858,1460,244
5551,30,1918,226,3674,458
3349,20,450,45,215,21
4189,31,779,83,4086,547
1559,38,5489,652,1095,190
2,25,290,34,331,83
3435,30,2063,192,3490,422
5275,24,1707,188,1879,288
4297,27,8299,1077,2073,292
4224,30,1023,129,6047,1083
1596,25,5637,830,485,92
2658,25,826,100,5721,858
5044,20,818,111,6294,904
1241,26,2427,248,391,63
992,24,5440,711,1227,214
3077,22,2793,387,4065,663
1961,30,1859,380,1076,238
3996,33,2922,353,2776,332
2383,30,4696,433,5036,594
1145,28,1348,194,3207,494
51,27,5918,630,535,77
2415,20,1771,159,3583,573
5131,30,2941,316,3142,376
6062,26,3828,354,4504,584
4908,25,2682,407,806,158
4969,24,1139,138,6925,778
1222,22,634,46,5416,777
23,28,6901,865,550,62
3938,33,4050,522,6050,710
36,25,512,50,4005,539
4029,27,3807,580,5225,811
4997,23,2487,344,488,78
1267,29,5456,710,511,76
4234,28,4489,552,2868,381
2619,37,3278,346,3121,370
5735,28,3150,320,3535,458
5123,31,1406,179,979,144
5790,21,1341,152,11478,1040
3811,39,1474,222,463,91
6131,38,3619,619,2895,493
4065,28,2380,284,2176,340
3290,29,1822,138,4817,544
2170,23,7254,1583,8879,1506
3901,47,2298,288,3277,452
3625,31,2376,286,9885,1298
1836,38,4170,515,2411,409
4082,25,5473,691,1897,425
2707,25,8963,1478,699,109
2297,38,894,95,8631,1022
5285,27,1349,126,253,53
3517,34,4265,607,309,54
2787,33,1491,265,1679,293
2930,23,735,99,2664,331
1235,30,587,105,270,67
2166,25,486,54,821,132
119,28,2607,278,316,63
1270,34,607,90,775,153
134,35,286,25,135,30
3429,23,2714,285,2995,405
2738,36,4062,585,394,75
3992,29,4274,574,542,103
2192,31,400,46,2629,307
3824,25,6085,932,498,104
1950,22,1452,143,6117,895
2157,34,1186,137,5303,700
936,24,1095,142,6528,1008
2398,35,532,57,2187,274
101,26,4974,1019,434,86
1338,30,3733,489,848,135
338,33,330,36,163,38
3926,24,528,61,301,43
1851,26,6527,1279,367,57
1285,32,7429,728,1700,275
935,46,544,63,2914,396
1370,42,5300,954,310,52
263,27,9489,1389,621,108
775,34,1804,279,1883,293
4119,29,611,80,4684,551
1665,30,5267,791,301,54
1871,25,1579,214,1547,227
69,23,1406,185,2075,331
4002,24,701,69,9598,1456
1942,24,2428,359,3102,509
3448,26,844,91,9043,933
1954,25,2233,294,4419,630
2816,22,1415,233,191,37
2986,38,11146,1898,345,66
1931,27,4384,620,3270,616
122,30,2180,205,1943,230
1608,29,1466,146,428,66
1000,39,4495,611,3959,555
674,26,4575,582,2619,356
1700,20,784,102,8317,1166
976,30,12436,1844,448,57
2361,32,648,74,4831,710
969,34,3183,467,889,141
182,23,5343,650,406,77
692,29,2587,191,388,72
3347,29,4146,523,3980,600
1953,31,3989,516,5373,705
2316,29,17218,3256,581,129
1009,20,2845,239,467,90
3941,36,1297,136,10175,1345
1209,31,769,89,4313,718
3501,34,2811,338,2822,357
1550,31,1869,254,8109,1004
1331,44,1437,184,5008,716
743,23,1796,194,1079,133
2883,39,839,97,2102,314
822,31,7400,772,535,92
4204,28,2306,314,3126,506
1171,29,1596,159,1019,133
4235,33,4843,570,752,121
2320,40,4761,1062,7259,1486
3693,31,555,59,9405,1625
2137,28,2672,295,5990,872
2059,26,4334,845,3461,656
619,36,1074,132,3856,637
1462,39,2124,249,7453,1170
140,36,1210,158,6015,1002
2795,33,999,105,9084,1008
127,29,453,75,229,45
273,25,626,75,190,41
240,27,1243,152,11378,1756
2057,18,872,98,764,151
952,34,3759,666,768,129
2723,26,5633,924,6264,926
1001,25,1843,245,1588,169
1020,32,843,106,7725,1099
700,30,582,69,2146,275
501,27,6686,1353,16840,2467
1987,27,8829,1584,720,139
398,32,4524,662,4531,680
1951,32,1954,213,1411,166
278,29,11813,752,140,33
671,25,1935,233,2021,234
881,34,460,52,1992,365
3126,21,2332,310,3345,458
270,18,2489,220,6547,534
5626,29,7104,791,857,121
2926,41,3980,491,399,73
3066,22,3059,477,344,74
2190,21,3913,615,753,109
3057,27,1539,192,8398,1078
1768,26,980,93,5859,694
2584,28,939,81,2921,387
6082,24,633,65,1435,194
3294,33,1767,229,3852,476
4993,34,2383,284,1371,191
2024,26,11437,2984,1407,334
5625,26,1631,213,3478,415
5055,31,874,79,3835,423
5829,22,8615,1358,598,96
3975,19,6654,539,630,100
4977,33,4683,657,2781,388
1992,28,319,45,188,46
4125,30,7973,931,728,105
2729,32,2787,305,2579,299
3670,20,1693,148,3134,413
1730,26,375,39,890,121
2898,27,767,89,10523,1089
951,26,9194,1402,7235,1075
3125,34,7856,1214,804,167
2630,27,2452,267,401,64
3690,24,347,37,208,60
2789,29,1093,105,6844,791
1761,25,1360,190,7801,961
979,34,4732,548,373,69
1151,28,699,62,1874,193
601,30,1216,132,4781,500
5602,28,4424,493,3657,501
3160,41,534,50,7966,1017
4094,17,811,84,6301,781
2440,23,4348,528,1282,183
5768,26,1292,141,6574,933
3914,32,6410,1032,540,95
5342,12,850,117,4438,772
4278,28,2011,192,3506,304
4136,23,2572,277,2134,334
2195,28,619,51,6659,1011
3484,25,869,74,5592,839
5148,29,4766,539,850,104
3366,44,689,124,2622,436
5733,38,663,69,8573,1263
4012,30,850,96,3068,445
6125,32,662,77,2381,347
3828,30,765,100,5634,710
4086,33,659,73,4262,540
2311,25,630,67,3148,337
3910,20,5993,685,467,72
1895,36,1661,261,2548,349
4232,20,2579,352,2966,348
2853,38,904,140,1647,351
4061,32,860,110,7139,1359
2808,23,1101,123,5996,740
1078,28,2235,233,9517,1015
3942,29,666,69,4794,616
2732,33,345,43,192,45
4303,32,4312,618,400,77
2404,27,2007,188,629,82
2035,22,2440,156,7770,767
971,35,2590,314,1372,228
2296,34,8521,1281,13524,2333
110,28,440,66,569,124
3736,34,2536,286,2347,225
2698,32,818,79,3281,429
4209,26,682,47,8464,1083
3042,29,613,62,6875,1277
1265,37,2317,332,568,101
2117,28,1482,230,1003,174
682,36,6174,808,3271,590
2208,21,4489,540,502,76
887,20,584,72,5034,707
1838,23,1523,217,239,40
2050,36,3674,381,381,69
111,37,405,50,1071,154
5965,28,7794,1062,1468,237
3136,33,4634,582,2821,405
4074,33,484,42,1542,162
1565,26,937,140,5190,846
5176,22,628,57,3755,581
3497,20,3410,603,2378,306
5934,42,860,86,5780,683
5057,19,4947,514,9981,880
3284,27,830,94,6209,894
2180,31,1519,155,9022,1111
3802,34,11684,2280,9344,2137
2651,18,4799,662,1652,252
6048,32,4195,479,2613,291
4919,35,603,73,1745,248
5911,30,4465,437,4925,547
3561,33,2022,236,1808,245
5997,23,490,46,195,51
5069,30,2902,362,343,64
3030,27,3313,470,631,78
5037,33,3655,517,495,82
1070,25,477,91,209,48
1588,27,5580,807,391,71
4295,30,559,70,6323,933
2222,25,3576,544,3542,560
42,29,3801,589,6207,1205
4893,34,771,61,3845,365
5345,32,1925,194,352,51
3056,32,579,66,2403,353
5516,29,10291,1578,2567,296
4256,29,4423,639,3393,567
5350,30,2088,298,1387,221
1777,33,1373,150,3500,462
4183,29,4094,532,814,112
5056,18,1307,138,3289,357
2862,30,2238,304,6684,857
4826,34,2570,243,3096,380
1650,33,1673,269,5551,778
4265,32,6746,991,337,50
1248,39,4811,760,1444,248
5839,41,586,57,4866,590
2968,33,1597,137,7133,818
2358,25,2318,170,3466,329
3085,33,697,72,692,125
2281,30,736,94,8060,976
1375,33,813,97,3862,544
269,32,4525,680,658,88
3470,33,1187,153,3966,584
2257,29,711,112,7491,982
4285,24,4441,455,1003,106
2008,20,6608,637,2000,236
1772,23,4451,436,1032,141
747,34,720,87,5785,625
1789,26,7560,1400,492,67
186,21,9850,1601,692,128
453,23,1731,229,295,46
3087,31,2840,386,282,36
1746,19,1539,153,3985,318
4902,23,7509,924,634,94
2321,26,2087,248,1739,298
3777,26,1395,167,2397,364
2829,31,3312,366,745,126
1868,31,571,49,6918,921
75,35,1452,192,242,37
1255,24,4009,330,863,110
205,26,2910,570,6860,698
2329,26,4774,764,6975,1326
480,24,2624,483,477,91
3262,39,3671,430,6068,956
1873,27,726,95,1698,306
4944,27,424,41,1231,198
1097,22,12224,2164,609,108
3790,33,3750,387,1445,160
2794,26,2517,384,2174,303
5058,26,1301,170,9038,1380
2048,31,1118,125,4639,424
2160,26,5416,701,725,99
929,28,6651,982,347,53
2247,35,456,54,668,116
696,23,936,74,3376,435
2820,29,11529,2050,3200,766
581,32,1322,143,609,77
1044,26,931,86,8251,1216
1071,33,3578,511,4342,619
3493,31,9303,1055,856,166
300,26,6001,846,5683,843
3980,25,3790,575,5534,932
1908,35,3934,403,3094,407
1718,31,2543,283,3826,661
2980,34,362,50,360,97
2749,29,757,105,151,32
758,42,5312,707,963,142
172,29,1182,145,597,93
4305,24,701,55,2475,249
1337,31,1731,128,6893,627
2173,20,1007,100,5273,562
1037,30,526,57,10815,1647
4302,20,359,54,146,30
1765,31,371,53,183,43
4857,20,4144,441,390,56
1882,28,552,68,2920,383
1343,30,13536,2187,1870,381
1006,32,5896,1145,1611,358
2861,27,1779,200,259,50
901,27,7693,690,597,81
2184,32,6358,724,2427,288
1032,23,1259,134,2386,313
745,27,904,155,1035,196
2360,36,1676,257,3192,535
780,40,2229,230,1493,212
587,34,4971,1038,455,94
889,39,799,75,4501,500
991,26,559,49,1358,234
1229,42,839,102,8514,1082
5118,30,2120,167,443,63
2312,32,4871,853,2449,482
791,26,1899,291,3978,624
4087,30,1609,193,1437,247
2165,27,3878,436,1736,185
1562,29,419,42,1065,165
1099,30,866,83,6689,790
943,20,897,86,8678,1093
2318,33,2458,254,3494,492
629,28,4348,536,551,88
3841,26,935,109,4856,780
4928,25,591,61,1057,121
1110,26,5292,906,6700,1428
3870,27,1992,289,10624,1594
2799,25,1409,104,1063,104
3011,30,755,94,3517,356
1998,26,1012,117,2664,360
185,26,783,91,188,44
2021,26,1066,86,3488,319
839,25,792,91,1874,206
2831,32,1166,143,626,89
113,18,2772,244,3081,449
1741,39,628,69,7659,915
442,34,13650,2393,1685,291
975,32,276,42,146,35
2375,31,10723,1738,1211,181
950,26,3337,240,261,40
1634,24,6706,620,498,92
3640,32,651,95,2776,554
237,30,977,160,1799,422
759,29,683,70,2291,366
1262,19,8000,622,349,48
3481,30,378,34,1246,143
1055,25,1162,168,5836,949
341,32,999,148,5660,988
1142,25,5588,1127,657,126
210,31,1290,129,10185,1316
840,29,1565,248,1987,329
2095,40,658,80,1815,295
630,36,1024,111,3066,380
3608,29,3079,401,1718,274
1360,34,530,52,3251,579
1587,28,4472,376,2799,162
213,41,1238,168,1983,312
3695,29,1613,221,1391,253
3043,26,5891,617,670,105
1716,38,300,34,151,40
1269,28,730,73,4177,594
208,21,2067,276,4219,521
1887,31,5261,664,2575,423
844,43,1119,146,8355,1230
2988,24,439,51,800,131
2198,17,687,57,4118,694
2342,26,3667,440,501,77
3453,27,1037,218,5878,835
1339,33,610,55,1371,150
2863,36,1626,177,11010,1528
559,23,5646,692,2961,383
2832,25,323,36,206,40
949,29,928,99,958,140
1237,28,7874,1291,3765,650
206,28,2325,311,3723,667
4954,38,5459,578,1205,115
2721,33,5206,535,480,73
5022,26,1426,214,6107,947
2459,32,767,101,3154,391
4271,24,1693,198,6023,965
2833,24,2592,433,1177,232
4178,41,419,46,1304,201
2882,30,7209,1062,462,74
1439,33,1910,276,1087,182
2715,27,733,96,4639,978
912,30,446,89,249,59
1949,16,5917,785,436,75
648,39,5935,896,528,74
1124,26,1514,156,4610,523
234,21,3808,431,7376,889
2054,34,1893,237,2798,422
920,29,5852,760,4017,531
2910,30,1189,132,5702,642
623,29,462,49,2443,384
962,33,1607,180,4302,575
1780,28,858,122,2193,306
433,25,2571,408,255,52
1493,29,6259,803,900,161
859,27,2304,287,304,45
590,43,311,41,142,32
63,31,397,56,3310,772
2027,42,675,73,1875,287
220,28,5277,665,553,93
2091,19,4524,620,4096,703
5719,28,1500,168,5039,500
1985,30,1118,119,5000,705
121,37,621,73,3319,567
961,35,1593,183,317,52
781,24,2482,349,1405,213
2249,33,1831,430,676,153
329,43,6146,782,449,73
2017,24,2713,438,15359,2258
124,40,2511,339,5413,905
171,19,1995,268,3047,366
2029,37,1545,172,4363,463
807,27,2096,246,2123,268
1030,17,741,67,3999,519
958,36,10597,2035,1705,278
605,34,561,62,3200,362
61,28,3595,413,2612,448
800,34,641,108,3320,533
3804,22,4267,563,540,80
3864,30,352,52,200,46
4098,29,5393,1120,1828,328
